name,rarity,price,set_name,image_url
8-Claws Scorpion,Common,0.12,PHARAONIC GUARDIAN,https://images.ygoprodeck.com/images/cards/14261867.jpg
A Cat of Ill Omen,Common,2.4,PHARAONIC GUARDIAN,https://images.ygoprodeck.com/images/cards/24140059.jpg
A Hero Emerges,Common,0.12,INVASION OF CHAOS,https://images.ygoprodeck.com/images/cards/21597117.jpg
A Man with Wdjat,Common,0.12,PHARAONIC GUARDIAN,https://images.ygoprodeck.com/images/cards/51351302.jpg
An Owl of Luck,Common,0.58,PHARAONIC GUARDIAN,https://images.ygoprodeck.com/images/cards/23927567.jpg
Anti-Aircraft Flower,Common,0.14,INVASION OF CHAOS,https://images.ygoprodeck.com/images/cards/65064143.jpg
Aqua Madoor,Rare,0.39,LEGEND OF BLUE EYES WHITE DRAGON,https://images.ygoprodeck.com/images/cards/85639257.jpg
Armaill,Common,0.14,LEGEND OF BLUE EYES WHITE DRAGON,https://images.ygoprodeck.com/images/cards/53153481.jpg
Armed Ninja,Rare,0.31,LEGEND OF BLUE EYES WHITE DRAGON,https://images.ygoprodeck.com/images/cards/9076207.jpg
Armored Starfish,Common,0.15,LEGEND OF BLUE EYES WHITE DRAGON,https://images.ygoprodeck.com/images/cards/17535588.jpg
Arsenal Bug,Common,0.14,PHARAONIC GUARDIAN,https://images.ygoprodeck.com/images/cards/42364374.jpg
Balloon Lizard,Common,0.16,INVASION OF CHAOS,https://images.ygoprodeck.com/images/cards/39892082.jpg
Banner of Courage,Common,0.15,PHARAONIC GUARDIAN,https://images.ygoprodeck.com/images/cards/10012614.jpg
Barrel Behind the Door,Super Rare,1.73,PHARAONIC GUARDIAN,https://images.ygoprodeck.com/images/cards/78783370.jpg
Basic Insect,Common,0.19,LEGEND OF BLUE EYES WHITE DRAGON,https://images.ygoprodeck.com/images/cards/89091579.jpg
Beast Fangs,Common,0.35,LEGEND OF BLUE EYES WHITE DRAGON,https://images.ygoprodeck.com/images/cards/46009906.jpg
Beaver Warrior,Common,0.32,LEGEND OF BLUE EYES WHITE DRAGON,https://images.ygoprodeck.com/images/cards/32452818.jpg
"Begone, Knave!",Common,0.12,INVASION OF CHAOS,https://images.ygoprodeck.com/images/cards/20374520.jpg
Berserk Gorilla,Rare,0.97,INVASION OF CHAOS,https://images.ygoprodeck.com/images/cards/39168895.jpg
Big Burn,Super Rare,0.66,INVASION OF CHAOS,https://images.ygoprodeck.com/images/cards/95472621.jpg
Big Koala,Common,0.25,INVASION OF CHAOS,https://images.ygoprodeck.com/images/cards/42129512.jpg
Birdface,Common,0.28,PHARAONIC GUARDIAN,https://images.ygoprodeck.com/images/cards/45547649.jpg
Black Luster Soldier - Envoy of the Beginning,Ultra Rare,29.35,INVASION OF CHAOS,https://images.ygoprodeck.com/images/cards/72989439.jpg
Black Tyranno,Ultra Rare,2.16,INVASION OF CHAOS,https://images.ygoprodeck.com/images/cards/38670435.jpg
Blasting the Ruins,Common,0.16,INVASION OF CHAOS,https://images.ygoprodeck.com/images/cards/21466326.jpg
Blazing Inpachi,Common,0.22,INVASION OF CHAOS,https://images.ygoprodeck.com/images/cards/5464695.jpg
Blue-Eyes White Dragon,Ultra Rare,70.19,LEGEND OF BLUE EYES WHITE DRAGON,https://images.ygoprodeck.com/images/cards/89631139.jpg
Book of Life,Super Rare,3.35,PHARAONIC GUARDIAN,https://images.ygoprodeck.com/images/cards/2204140.jpg
Book of Moon,Rare,3.77,PHARAONIC GUARDIAN,https://images.ygoprodeck.com/images/cards/14087893.jpg
Book of Secret Arts,Common,0.79,LEGEND OF BLUE EYES WHITE DRAGON,https://images.ygoprodeck.com/images/cards/91595718.jpg
Book of Taiyou,Common,2.29,PHARAONIC GUARDIAN,https://images.ygoprodeck.com/images/cards/38699854.jpg
Bottomless Shifting Sand,Common,0.17,PHARAONIC GUARDIAN,https://images.ygoprodeck.com/images/cards/76532077.jpg
Bowganian,Common,0.18,INVASION OF CHAOS,https://images.ygoprodeck.com/images/cards/52090844.jpg
Burning Algae,Common,0.12,INVASION OF CHAOS,https://images.ygoprodeck.com/images/cards/41859700.jpg
Buster Rancher,Common,0.21,PHARAONIC GUARDIAN,https://images.ygoprodeck.com/images/cards/84740193.jpg
Byser Shock,Ultra Rare,2.27,PHARAONIC GUARDIAN,https://images.ygoprodeck.com/images/cards/17597059.jpg
Call of the Mummy,Common,0.14,PHARAONIC GUARDIAN,https://images.ygoprodeck.com/images/cards/4861205.jpg
Cannonball Spear Shellfish,Common,0.26,INVASION OF CHAOS,https://images.ygoprodeck.com/images/cards/95614612.jpg
Card Shuffle,Common,0.13,PHARAONIC GUARDIAN,https://images.ygoprodeck.com/images/cards/12183332.jpg
Celtic Guardian,Super Rare,3.62,LEGEND OF BLUE EYES WHITE DRAGON,https://images.ygoprodeck.com/images/cards/91152256.jpg
Chain Disappearance,Rare,0.71,INVASION OF CHAOS,https://images.ygoprodeck.com/images/cards/57139487.jpg
Chaos Emperor Dragon - Envoy of the End,Secret Rare,19.7,INVASION OF CHAOS,https://images.ygoprodeck.com/images/cards/82301904.jpg
Chaos End,Common,0.13,INVASION OF CHAOS,https://images.ygoprodeck.com/images/cards/61044390.jpg
Chaos Greed,Common,0.13,INVASION OF CHAOS,https://images.ygoprodeck.com/images/cards/97439308.jpg
Chaos Necromancer,Common,0.23,INVASION OF CHAOS,https://images.ygoprodeck.com/images/cards/1434352.jpg
Chaos Sorcerer,Common,0.77,INVASION OF CHAOS,https://images.ygoprodeck.com/images/cards/9596126.jpg
Chaosrider Gustaph,Super Rare,0.45,INVASION OF CHAOS,https://images.ygoprodeck.com/images/cards/47829960.jpg
Charm of Shabti,Common,0.17,PHARAONIC GUARDIAN,https://images.ygoprodeck.com/images/cards/50412166.jpg
Charubin the Fire Knight,Rare,0.41,LEGEND OF BLUE EYES WHITE DRAGON,https://images.ygoprodeck.com/images/cards/37421579.jpg
Chopman the Desperate Outlaw,Common,0.12,INVASION OF CHAOS,https://images.ygoprodeck.com/images/cards/40884383.jpg
Coach Goblin,Common,0.1,INVASION OF CHAOS,https://images.ygoprodeck.com/images/cards/42541548.jpg
Cobra Jar,Common,0.7,PHARAONIC GUARDIAN,https://images.ygoprodeck.com/images/cards/86801871.jpg
Cobraman Sakuzy,Common,0.74,PHARAONIC GUARDIAN,https://images.ygoprodeck.com/images/cards/75109441.jpg
Coffin Seller,Rare,0.62,PHARAONIC GUARDIAN,https://images.ygoprodeck.com/images/cards/65830223.jpg
Compulsory Evacuation Device,Rare,0.61,INVASION OF CHAOS,https://images.ygoprodeck.com/images/cards/94192409.jpg
Crimson Ninja,Common,0.19,INVASION OF CHAOS,https://images.ygoprodeck.com/images/cards/14618326.jpg
Curse of Aging,Common,0.16,PHARAONIC GUARDIAN,https://images.ygoprodeck.com/images/cards/41398771.jpg
Curse of Darkness,Rare,0.3,INVASION OF CHAOS,https://images.ygoprodeck.com/images/cards/84970821.jpg
Curse of Dragon,Super Rare,4.93,LEGEND OF BLUE EYES WHITE DRAGON,https://images.ygoprodeck.com/images/cards/28279543.jpg
Curse of Royal,Rare,0.62,PHARAONIC GUARDIAN,https://images.ygoprodeck.com/images/cards/2926176.jpg
Cursed Seal of the Forbidden Spell,Common,0.47,INVASION OF CHAOS,https://images.ygoprodeck.com/images/cards/58851034.jpg
D. Tribe,Common,0.07,PHARAONIC GUARDIAN,https://images.ygoprodeck.com/images/cards/2833249.jpg
D.D. Borderline,Common,0.14,INVASION OF CHAOS,https://images.ygoprodeck.com/images/cards/60912752.jpg
D.D. Designator,Super Rare,3.34,INVASION OF CHAOS,https://images.ygoprodeck.com/images/cards/33423043.jpg
D.D. Scout Plane,Super Rare,0.55,INVASION OF CHAOS,https://images.ygoprodeck.com/images/cards/3773196.jpg
Dark Coffin,Common,0.44,PHARAONIC GUARDIAN,https://images.ygoprodeck.com/images/cards/1804528.jpg
Dark Designator,Rare,0.48,PHARAONIC GUARDIAN,https://images.ygoprodeck.com/images/cards/78053598.jpg
Dark Driceratops,Rare,0.2,INVASION OF CHAOS,https://images.ygoprodeck.com/images/cards/65287621.jpg
Dark Dust Spirit,Common,2.06,PHARAONIC GUARDIAN,https://images.ygoprodeck.com/images/cards/89111398.jpg
Dark Energy,Common,0.38,LEGEND OF BLUE EYES WHITE DRAGON,https://images.ygoprodeck.com/images/cards/4614116.jpg
Dark Gray,Common,0.14,LEGEND OF BLUE EYES WHITE DRAGON,https://images.ygoprodeck.com/images/cards/9159938.jpg
Dark Hole,Super Rare,3.84,LEGEND OF BLUE EYES WHITE DRAGON,https://images.ygoprodeck.com/images/cards/53129443.jpg
Dark Jeroid,Rare,0.37,PHARAONIC GUARDIAN,https://images.ygoprodeck.com/images/cards/90980792.jpg
Dark King of the Abyss,Common,0.21,LEGEND OF BLUE EYES WHITE DRAGON,https://images.ygoprodeck.com/images/cards/53375573.jpg
Dark Magician,Ultra Rare,28.64,LEGEND OF BLUE EYES WHITE DRAGON,https://images.ygoprodeck.com/images/cards/46986421.jpg
Dark Magician of Chaos,Ultra Rare,18.9,INVASION OF CHAOS,https://images.ygoprodeck.com/images/cards/40737112.jpg
Dark Mirror Force,Ultra Rare,1.98,INVASION OF CHAOS,https://images.ygoprodeck.com/images/cards/20522190.jpg
Dark Room of Nightmare,Super Rare,2.67,PHARAONIC GUARDIAN,https://images.ygoprodeck.com/images/cards/85562745.jpg
Dark Scorpion Burglars,Common,0.55,PHARAONIC GUARDIAN,https://images.ygoprodeck.com/images/cards/40933924.jpg
Dark Snake Syndrome,Common,0.21,PHARAONIC GUARDIAN,https://images.ygoprodeck.com/images/cards/47233801.jpg
Darkfire Dragon,Rare,3.33,LEGEND OF BLUE EYES WHITE DRAGON,https://images.ygoprodeck.com/images/cards/17881964.jpg
Darkworld Thorns,Common,0.16,LEGEND OF BLUE EYES WHITE DRAGON,https://images.ygoprodeck.com/images/cards/43500484.jpg
Des Kangaroo,Common,0.15,INVASION OF CHAOS,https://images.ygoprodeck.com/images/cards/78613627.jpg
Des Lacooda,Common,0.48,PHARAONIC GUARDIAN,https://images.ygoprodeck.com/images/cards/2326738.jpg
Destruction Ring,Rare,0.2,INVASION OF CHAOS,https://images.ygoprodeck.com/images/cards/21219755.jpg
Dice Jar,Common,3.35,PHARAONIC GUARDIAN,https://images.ygoprodeck.com/images/cards/3549275.jpg
Different Dimension Capsule,Common,0.19,PHARAONIC GUARDIAN,https://images.ygoprodeck.com/images/cards/11961740.jpg
Dimension Distortion,Common,0.23,INVASION OF CHAOS,https://images.ygoprodeck.com/images/cards/95194279.jpg
Dimension Fusion,Ultra Rare,11.03,INVASION OF CHAOS,https://images.ygoprodeck.com/images/cards/23557835.jpg
Dissolverock,Common,0.14,LEGEND OF BLUE EYES WHITE DRAGON,https://images.ygoprodeck.com/images/cards/40826495.jpg
Disturbance Strategy,Common,0.39,PHARAONIC GUARDIAN,https://images.ygoprodeck.com/images/cards/77561728.jpg
DNA Transplant,Common,0.16,INVASION OF CHAOS,https://images.ygoprodeck.com/images/cards/56769674.jpg
Don Turtle,Common,0.14,INVASION OF CHAOS,https://images.ygoprodeck.com/images/cards/3493978.jpg
Don Zaloog,Ultra Rare,6.68,PHARAONIC GUARDIAN,https://images.ygoprodeck.com/images/cards/76922029.jpg
Dragon Capture Jar,Rare,0.42,LEGEND OF BLUE EYES WHITE DRAGON,https://images.ygoprodeck.com/images/cards/50045299.jpg
Dragon Treasure,Common,0.26,LEGEND OF BLUE EYES WHITE DRAGON,https://images.ygoprodeck.com/images/cards/1435851.jpg
Dragoness the Wicked Knight,Rare,1.19,LEGEND OF BLUE EYES WHITE DRAGON,https://images.ygoprodeck.com/images/cards/70681994.jpg
Drillago,Rare,0.28,INVASION OF CHAOS,https://images.ygoprodeck.com/images/cards/99050989.jpg
Drooling Lizard,Common,0.12,LEGEND OF BLUE EYES WHITE DRAGON,https://images.ygoprodeck.com/images/cards/16353197.jpg
Earth Chant,Common,0.13,INVASION OF CHAOS,https://images.ygoprodeck.com/images/cards/59820352.jpg
Electro-Whip,Common,0.15,LEGEND OF BLUE EYES WHITE DRAGON,https://images.ygoprodeck.com/images/cards/37820550.jpg
Enchanting Mermaid,Common,0.15,LEGEND OF BLUE EYES WHITE DRAGON,https://images.ygoprodeck.com/images/cards/75376965.jpg
Energy Drain,Common,0.19,INVASION OF CHAOS,https://images.ygoprodeck.com/images/cards/56916805.jpg
Enraged Battle Ox,Rare,0.36,INVASION OF CHAOS,https://images.ygoprodeck.com/images/cards/76909279.jpg
Exodia the Forbidden One,Ultra Rare,24.94,LEGEND OF BLUE EYES WHITE DRAGON,https://images.ygoprodeck.com/images/cards/33396948.jpg
Fenrir,Common,0.15,INVASION OF CHAOS,https://images.ygoprodeck.com/images/cards/218704.jpg
Fiend Reflection #2,Common,0.12,LEGEND OF BLUE EYES WHITE DRAGON,https://images.ygoprodeck.com/images/cards/2863439.jpg
Fiend's Hand Mirror,Common,0.19,INVASION OF CHAOS,https://images.ygoprodeck.com/images/cards/58607704.jpg
Final Flame,Rare,0.45,LEGEND OF BLUE EYES WHITE DRAGON,https://images.ygoprodeck.com/images/cards/73134082.jpg
Firegrass,Common,0.24,LEGEND OF BLUE EYES WHITE DRAGON,https://images.ygoprodeck.com/images/cards/53293545.jpg
Fireyarou,Common,0.11,LEGEND OF BLUE EYES WHITE DRAGON,https://images.ygoprodeck.com/images/cards/71407486.jpg
Fissure,Rare,0.53,LEGEND OF BLUE EYES WHITE DRAGON,https://images.ygoprodeck.com/images/cards/66788016.jpg
Flame Ghost,Rare,1.04,LEGEND OF BLUE EYES WHITE DRAGON,https://images.ygoprodeck.com/images/cards/58528964.jpg
Flame Manipulator,Common,0.23,LEGEND OF BLUE EYES WHITE DRAGON,https://images.ygoprodeck.com/images/cards/34460851.jpg
Flame Swordsman,Super Rare,5.66,LEGEND OF BLUE EYES WHITE DRAGON,https://images.ygoprodeck.com/images/cards/45231177.jpg
Flower Wolf,Rare,0.43,LEGEND OF BLUE EYES WHITE DRAGON,https://images.ygoprodeck.com/images/cards/95952802.jpg
Follow Wind,Common,0.48,LEGEND OF BLUE EYES WHITE DRAGON,https://images.ygoprodeck.com/images/cards/98252586.jpg
Forest,Common,0.3,LEGEND OF BLUE EYES WHITE DRAGON,https://images.ygoprodeck.com/images/cards/87430998.jpg
Freed the Brave Wanderer,Super Rare,1.29,INVASION OF CHAOS,https://images.ygoprodeck.com/images/cards/16556849.jpg
Frenzied Panda,Common,0.14,LEGEND OF BLUE EYES WHITE DRAGON,https://images.ygoprodeck.com/images/cards/98818516.jpg
Fuhma Shuriken,Rare,0.18,INVASION OF CHAOS,https://images.ygoprodeck.com/images/cards/9373534.jpg
Fushioh Richie,Ultra Rare,2.73,PHARAONIC GUARDIAN,https://images.ygoprodeck.com/images/cards/39711336.jpg
Fusionist,Rare,0.55,LEGEND OF BLUE EYES WHITE DRAGON,https://images.ygoprodeck.com/images/cards/1641882.jpg
Gaia the Dragon Champion,Secret Rare,5.75,LEGEND OF BLUE EYES WHITE DRAGON,https://images.ygoprodeck.com/images/cards/66889139.jpg
Gaia The Fierce Knight,Ultra Rare,10.47,LEGEND OF BLUE EYES WHITE DRAGON,https://images.ygoprodeck.com/images/cards/6368038.jpg
Gale Lizard,Common,0.13,INVASION OF CHAOS,https://images.ygoprodeck.com/images/cards/77491079.jpg
Getsu Fuhma,Rare,0.21,INVASION OF CHAOS,https://images.ygoprodeck.com/images/cards/21887179.jpg
Giant Axe Mummy,Common,0.16,PHARAONIC GUARDIAN,https://images.ygoprodeck.com/images/cards/78266168.jpg
Giant Soldier of Stone,Rare,0.64,LEGEND OF BLUE EYES WHITE DRAGON,https://images.ygoprodeck.com/images/cards/13039848.jpg
Giga Gagagigo,Common,0.64,INVASION OF CHAOS,https://images.ygoprodeck.com/images/cards/43793530.jpg
Gigantes,Common,0.34,INVASION OF CHAOS,https://images.ygoprodeck.com/images/cards/47606319.jpg
Goblin's Secret Remedy,Rare,0.2,LEGEND OF BLUE EYES WHITE DRAGON,https://images.ygoprodeck.com/images/cards/11868825.jpg
Gora Turtle,Rare,0.41,PHARAONIC GUARDIAN,https://images.ygoprodeck.com/images/cards/80233946.jpg
Gora Turtle of Illusion,Common,0.09,INVASION OF CHAOS,https://images.ygoprodeck.com/images/cards/42868711.jpg
Granadora,Common,0.2,INVASION OF CHAOS,https://images.ygoprodeck.com/images/cards/13944422.jpg
Gravedigger Ghoul,Rare,0.29,LEGEND OF BLUE EYES WHITE DRAGON,https://images.ygoprodeck.com/images/cards/82542267.jpg
Gravekeeper's Assailant,Common,0.21,PHARAONIC GUARDIAN,https://images.ygoprodeck.com/images/cards/25262697.jpg
Gravekeeper's Cannonholder,Common,0.2,PHARAONIC GUARDIAN,https://images.ygoprodeck.com/images/cards/99877698.jpg
Gravekeeper's Chief,Super Rare,0.45,PHARAONIC GUARDIAN,https://images.ygoprodeck.com/images/cards/62473983.jpg
Gravekeeper's Curse,Common,0.28,PHARAONIC GUARDIAN,https://images.ygoprodeck.com/images/cards/50712728.jpg
Gravekeeper's Guard,Common,0.46,PHARAONIC GUARDIAN,https://images.ygoprodeck.com/images/cards/37101832.jpg
Gravekeeper's Spear Soldier,Common,0.96,PHARAONIC GUARDIAN,https://images.ygoprodeck.com/images/cards/63695531.jpg
Gravekeeper's Spy,Common,2.82,PHARAONIC GUARDIAN,https://images.ygoprodeck.com/images/cards/24317029.jpg
Gravekeeper's Vassal,Common,0.19,PHARAONIC GUARDIAN,https://images.ygoprodeck.com/images/cards/99690140.jpg
Gravekeeper's Watcher,Rare,0.74,PHARAONIC GUARDIAN,https://images.ygoprodeck.com/images/cards/26084285.jpg
Great Dezard,Ultra Rare,1.14,PHARAONIC GUARDIAN,https://images.ygoprodeck.com/images/cards/88989706.jpg
Green Phantom King,Common,0.12,LEGEND OF BLUE EYES WHITE DRAGON,https://images.ygoprodeck.com/images/cards/22910685.jpg
Gren Maju Da Eiza,Common,0.38,INVASION OF CHAOS,https://images.ygoprodeck.com/images/cards/36584821.jpg
Gryphon's Feather Duster,Common,0.28,INVASION OF CHAOS,https://images.ygoprodeck.com/images/cards/34370473.jpg
Guardian Angel Joan,Ultra Rare,2.43,INVASION OF CHAOS,https://images.ygoprodeck.com/images/cards/68007326.jpg
Guardian Sphinx,Ultra Rare,2.62,PHARAONIC GUARDIAN,https://images.ygoprodeck.com/images/cards/40659562.jpg
Hane-Hane,Rare,0.31,LEGEND OF BLUE EYES WHITE DRAGON,https://images.ygoprodeck.com/images/cards/7089711.jpg
Hard Armor,Common,0.1,LEGEND OF BLUE EYES WHITE DRAGON,https://images.ygoprodeck.com/images/cards/20060230.jpg
Heart of the Underdog,Common,0.4,INVASION OF CHAOS,https://images.ygoprodeck.com/images/cards/35762283.jpg
Helpoemer,Ultra Rare,6.64,PHARAONIC GUARDIAN,https://images.ygoprodeck.com/images/cards/76052811.jpg
Hieroglyph Lithograph,Common,0.11,PHARAONIC GUARDIAN,https://images.ygoprodeck.com/images/cards/10248192.jpg
Hinotama,Common,0.31,LEGEND OF BLUE EYES WHITE DRAGON,https://images.ygoprodeck.com/images/cards/46130346.jpg
Hinotama Soul,Common,0.18,LEGEND OF BLUE EYES WHITE DRAGON,https://images.ygoprodeck.com/images/cards/96851799.jpg
Hitotsu-Me Giant,Common,0.26,LEGEND OF BLUE EYES WHITE DRAGON,https://images.ygoprodeck.com/images/cards/76184692.jpg
Hyper Hammerhead,Common,0.23,INVASION OF CHAOS,https://images.ygoprodeck.com/images/cards/2671330.jpg
Inferno,Common,0.08,INVASION OF CHAOS,https://images.ygoprodeck.com/images/cards/74823665.jpg
Inpachi,Common,0.18,PHARAONIC GUARDIAN,https://images.ygoprodeck.com/images/cards/97923414.jpg
Insect Princess,Ultra Rare,0.72,INVASION OF CHAOS,https://images.ygoprodeck.com/images/cards/37957847.jpg
Invader of Darkness,Secret Rare,0.7,INVASION OF CHAOS,https://images.ygoprodeck.com/images/cards/56647086.jpg
Jade Insect Whistle,Common,0.14,INVASION OF CHAOS,https://images.ygoprodeck.com/images/cards/95214051.jpg
Jowls of Dark Demise,Rare,1.32,PHARAONIC GUARDIAN,https://images.ygoprodeck.com/images/cards/5257687.jpg
Kabazauls,Common,0.25,PHARAONIC GUARDIAN,https://images.ygoprodeck.com/images/cards/51934376.jpg
Kagemusha of the Blue Flame,Common,0.22,LEGEND OF BLUE EYES WHITE DRAGON,https://images.ygoprodeck.com/images/cards/15401633.jpg
Karbonala Warrior,Rare,0.69,LEGEND OF BLUE EYES WHITE DRAGON,https://images.ygoprodeck.com/images/cards/54541900.jpg
King Fog,Common,0.19,LEGEND OF BLUE EYES WHITE DRAGON,https://images.ygoprodeck.com/images/cards/84686841.jpg
King Tiger Wanghu,Rare,2.46,PHARAONIC GUARDIAN,https://images.ygoprodeck.com/images/cards/83986578.jpg
Kryuel,Common,0.17,PHARAONIC GUARDIAN,https://images.ygoprodeck.com/images/cards/82642348.jpg
Kumootoko,Common,0.13,LEGEND OF BLUE EYES WHITE DRAGON,https://images.ygoprodeck.com/images/cards/56283725.jpg
Kurama,Common,0.13,LEGEND OF BLUE EYES WHITE DRAGON,https://images.ygoprodeck.com/images/cards/85705804.jpg
Larvas,Common,0.13,LEGEND OF BLUE EYES WHITE DRAGON,https://images.ygoprodeck.com/images/cards/94675535.jpg
Laser Cannon Armor,Common,0.4,LEGEND OF BLUE EYES WHITE DRAGON,https://images.ygoprodeck.com/images/cards/77007920.jpg
Lava Golem,Secret Rare,7.85,PHARAONIC GUARDIAN,https://images.ygoprodeck.com/images/cards/102380.jpg
Left Arm of the Forbidden One,Ultra Rare,22.78,LEGEND OF BLUE EYES WHITE DRAGON,https://images.ygoprodeck.com/images/cards/7902349.jpg
Left Leg of the Forbidden One,Ultra Rare,16.15,LEGEND OF BLUE EYES WHITE DRAGON,https://images.ygoprodeck.com/images/cards/44519536.jpg
Legendary Sword,Common,0.58,LEGEND OF BLUE EYES WHITE DRAGON,https://images.ygoprodeck.com/images/cards/61854111.jpg
Lekunga,Rare,0.38,INVASION OF CHAOS,https://images.ygoprodeck.com/images/cards/62543393.jpg
Lesser Dragon,Common,0.15,LEGEND OF BLUE EYES WHITE DRAGON,https://images.ygoprodeck.com/images/cards/55444629.jpg
Levia-Dragon - Daedalus,Ultra Rare,2.56,INVASION OF CHAOS,https://images.ygoprodeck.com/images/cards/37721209.jpg
Lord Poison,Common,0.46,INVASION OF CHAOS,https://images.ygoprodeck.com/images/cards/40320754.jpg
M-Warrior #1,Common,0.23,LEGEND OF BLUE EYES WHITE DRAGON,https://images.ygoprodeck.com/images/cards/56342351.jpg
M-Warrior #2,Common,0.2,LEGEND OF BLUE EYES WHITE DRAGON,https://images.ygoprodeck.com/images/cards/92731455.jpg
Machine Conversion Factory,Common,0.34,LEGEND OF BLUE EYES WHITE DRAGON,https://images.ygoprodeck.com/images/cards/25769732.jpg
Mad Dog of Darkness,Rare,0.22,INVASION OF CHAOS,https://images.ygoprodeck.com/images/cards/79182538.jpg
Maiden of the Aqua,Common,1.78,PHARAONIC GUARDIAN,https://images.ygoprodeck.com/images/cards/17214465.jpg
Mammoth Graveyard,Common,0.35,LEGEND OF BLUE EYES WHITE DRAGON,https://images.ygoprodeck.com/images/cards/40374923.jpg
Man Eater,Common,0.15,LEGEND OF BLUE EYES WHITE DRAGON,https://images.ygoprodeck.com/images/cards/93553943.jpg
Man-Eater Bug,Super Rare,1.83,LEGEND OF BLUE EYES WHITE DRAGON,https://images.ygoprodeck.com/images/cards/54652250.jpg
Manju of the Ten Thousand Hands,Common,0.55,INVASION OF CHAOS,https://images.ygoprodeck.com/images/cards/95492061.jpg
Manticore of Darkness,Ultra Rare,1.81,INVASION OF CHAOS,https://images.ygoprodeck.com/images/cards/77121851.jpg
Masaki the Legendary Swordsman,Common,0.29,LEGEND OF BLUE EYES WHITE DRAGON,https://images.ygoprodeck.com/images/cards/44287299.jpg
Master Kyonshee,Common,0.22,PHARAONIC GUARDIAN,https://images.ygoprodeck.com/images/cards/24530661.jpg
Mataza the Zapper,Rare,0.38,INVASION OF CHAOS,https://images.ygoprodeck.com/images/cards/22609617.jpg
Meda Bat,Common,0.18,LEGEND OF BLUE EYES WHITE DRAGON,https://images.ygoprodeck.com/images/cards/76211194.jpg
Metal Dragon,Rare,0.35,LEGEND OF BLUE EYES WHITE DRAGON,https://images.ygoprodeck.com/images/cards/9293977.jpg
Metamorphosis,Common,4.62,PHARAONIC GUARDIAN,https://images.ygoprodeck.com/images/cards/46411259.jpg
Mirage of Nightmare,Super Rare,1.25,PHARAONIC GUARDIAN,https://images.ygoprodeck.com/images/cards/41482598.jpg
Misairuzame,Common,0.16,LEGEND OF BLUE EYES WHITE DRAGON,https://images.ygoprodeck.com/images/cards/33178416.jpg
Moisture Creature,Rare,0.54,PHARAONIC GUARDIAN,https://images.ygoprodeck.com/images/cards/75285069.jpg
Molten Behemoth,Common,0.11,PHARAONIC GUARDIAN,https://images.ygoprodeck.com/images/cards/17192817.jpg
Molten Zombie,Common,0.1,INVASION OF CHAOS,https://images.ygoprodeck.com/images/cards/4732017.jpg
Monster Egg,Common,0.14,LEGEND OF BLUE EYES WHITE DRAGON,https://images.ygoprodeck.com/images/cards/36121917.jpg
Monster Reborn,Ultra Rare,13.49,LEGEND OF BLUE EYES WHITE DRAGON,https://images.ygoprodeck.com/images/cards/83764719.jpg
Mountain,Common,0.39,LEGEND OF BLUE EYES WHITE DRAGON,https://images.ygoprodeck.com/images/cards/50913601.jpg
Mucus Yolk,Common,0.33,PHARAONIC GUARDIAN,https://images.ygoprodeck.com/images/cards/70307656.jpg
Multiplication of Ants,Common,0.25,INVASION OF CHAOS,https://images.ygoprodeck.com/images/cards/22493811.jpg
Mystical Elf,Super Rare,3.62,LEGEND OF BLUE EYES WHITE DRAGON,https://images.ygoprodeck.com/images/cards/15025844.jpg
Mystical Knight of Jackal,Ultra Rare,3.59,PHARAONIC GUARDIAN,https://images.ygoprodeck.com/images/cards/98745000.jpg
Mystical Moon,Common,0.35,LEGEND OF BLUE EYES WHITE DRAGON,https://images.ygoprodeck.com/images/cards/36607978.jpg
Mystical Sheep #2,Common,0.18,LEGEND OF BLUE EYES WHITE DRAGON,https://images.ygoprodeck.com/images/cards/83464209.jpg
Narrow Pass,Common,0.22,PHARAONIC GUARDIAN,https://images.ygoprodeck.com/images/cards/40172183.jpg
Necrovalley,Super Rare,3.27,PHARAONIC GUARDIAN,https://images.ygoprodeck.com/images/cards/47355498.jpg
Needle Ceiling,Common,0.67,PHARAONIC GUARDIAN,https://images.ygoprodeck.com/images/cards/38411870.jpg
Needle Wall,Common,0.18,PHARAONIC GUARDIAN,https://images.ygoprodeck.com/images/cards/38299233.jpg
Nemuriko,Common,0.15,LEGEND OF BLUE EYES WHITE DRAGON,https://images.ygoprodeck.com/images/cards/90963488.jpg
Neo Bug,Common,0.15,INVASION OF CHAOS,https://images.ygoprodeck.com/images/cards/16587243.jpg
Newdoria,Rare,0.87,PHARAONIC GUARDIAN,https://images.ygoprodeck.com/images/cards/4335645.jpg
Nightmare Horse,Common,1.22,PHARAONIC GUARDIAN,https://images.ygoprodeck.com/images/cards/59290628.jpg
Nightmare Wheel,Ultra Rare,7.6,PHARAONIC GUARDIAN,https://images.ygoprodeck.com/images/cards/54704216.jpg
Non Aggression Area,Common,0.37,PHARAONIC GUARDIAN,https://images.ygoprodeck.com/images/cards/76848240.jpg
Ojama Black,Common,0.25,INVASION OF CHAOS,https://images.ygoprodeck.com/images/cards/79335209.jpg
Ojama Delta Hurricane!!,Common,0.22,INVASION OF CHAOS,https://images.ygoprodeck.com/images/cards/8251996.jpg
Ojama Yellow,Common,0.22,INVASION OF CHAOS,https://images.ygoprodeck.com/images/cards/42941100.jpg
One-Eyed Shield Dragon,Common,0.15,LEGEND OF BLUE EYES WHITE DRAGON,https://images.ygoprodeck.com/images/cards/33064647.jpg
Orca Mega-Fortress of Darkness,Super Rare,0.84,INVASION OF CHAOS,https://images.ygoprodeck.com/images/cards/63120904.jpg
Ordeal of a Traveler,Common,0.68,PHARAONIC GUARDIAN,https://images.ygoprodeck.com/images/cards/39537362.jpg
Petit Angel,Common,0.23,LEGEND OF BLUE EYES WHITE DRAGON,https://images.ygoprodeck.com/images/cards/38142739.jpg
Petit Dragon,Common,0.17,LEGEND OF BLUE EYES WHITE DRAGON,https://images.ygoprodeck.com/images/cards/75356564.jpg
Pharaoh's Treasure,Rare,0.37,PHARAONIC GUARDIAN,https://images.ygoprodeck.com/images/cards/63571750.jpg
Pinch Hopper,Common,0.26,INVASION OF CHAOS,https://images.ygoprodeck.com/images/cards/26185991.jpg
Poison Mummy,Common,0.3,PHARAONIC GUARDIAN,https://images.ygoprodeck.com/images/cards/43716289.jpg
Polymerization,Super Rare,3.87,LEGEND OF BLUE EYES WHITE DRAGON,https://images.ygoprodeck.com/images/cards/24094653.jpg
Pot of Greed,Rare,6.46,LEGEND OF BLUE EYES WHITE DRAGON,https://images.ygoprodeck.com/images/cards/55144522.jpg
Power of Kaishin,Common,0.21,LEGEND OF BLUE EYES WHITE DRAGON,https://images.ygoprodeck.com/images/cards/77027445.jpg
Prickle Fairy,Common,0.1,INVASION OF CHAOS,https://images.ygoprodeck.com/images/cards/91559748.jpg
Primal Seed,Common,0.18,INVASION OF CHAOS,https://images.ygoprodeck.com/images/cards/23701465.jpg
Pyramid Energy,Common,0.15,PHARAONIC GUARDIAN,https://images.ygoprodeck.com/images/cards/76754619.jpg
Pyramid Turtle,Rare,1.43,PHARAONIC GUARDIAN,https://images.ygoprodeck.com/images/cards/77044671.jpg
Pyro Clock of Destiny,Common,0.17,PHARAONIC GUARDIAN,https://images.ygoprodeck.com/images/cards/1082946.jpg
Question,Ultra Rare,3.5,PHARAONIC GUARDIAN,https://images.ygoprodeck.com/images/cards/38723936.jpg
Raigeki,Super Rare,4.04,LEGEND OF BLUE EYES WHITE DRAGON,https://images.ygoprodeck.com/images/cards/12580477.jpg
Raigeki Break,Common,2.94,PHARAONIC GUARDIAN,https://images.ygoprodeck.com/images/cards/4178474.jpg
Raise Body Heat,Common,0.22,LEGEND OF BLUE EYES WHITE DRAGON,https://images.ygoprodeck.com/images/cards/51267887.jpg
Ray & Temperature,Common,0.15,LEGEND OF BLUE EYES WHITE DRAGON,https://images.ygoprodeck.com/images/cards/85309439.jpg
Reaper of the Cards,Rare,0.47,LEGEND OF BLUE EYES WHITE DRAGON,https://images.ygoprodeck.com/images/cards/33066139.jpg
Reaper on the Nightmare,Super Rare,14.42,PHARAONIC GUARDIAN,https://images.ygoprodeck.com/images/cards/85684223.jpg
Reasoning,Common,0.35,PHARAONIC GUARDIAN,https://images.ygoprodeck.com/images/cards/58577036.jpg
Reckless Greed,Rare,1.12,PHARAONIC GUARDIAN,https://images.ygoprodeck.com/images/cards/37576645.jpg
Recycle,Common,0.15,INVASION OF CHAOS,https://images.ygoprodeck.com/images/cards/96316857.jpg
Red Medicine,Common,0.18,LEGEND OF BLUE EYES WHITE DRAGON,https://images.ygoprodeck.com/images/cards/38199696.jpg
Reload,Super Rare,0.8,INVASION OF CHAOS,https://images.ygoprodeck.com/images/cards/22589918.jpg
Remove Trap,Common,0.32,LEGEND OF BLUE EYES WHITE DRAGON,https://images.ygoprodeck.com/images/cards/51482758.jpg
Reversal Quiz,Common,1.33,PHARAONIC GUARDIAN,https://images.ygoprodeck.com/images/cards/5990062.jpg
Right Arm of the Forbidden One,Ultra Rare,20.21,LEGEND OF BLUE EYES WHITE DRAGON,https://images.ygoprodeck.com/images/cards/70903634.jpg
Right Leg of the Forbidden One,Ultra Rare,17.93,LEGEND OF BLUE EYES WHITE DRAGON,https://images.ygoprodeck.com/images/cards/8124921.jpg
Ring of Destruction,Secret Rare,32.72,PHARAONIC GUARDIAN,https://images.ygoprodeck.com/images/cards/83555666.jpg
Rite of Spirit,Common,0.41,PHARAONIC GUARDIAN,https://images.ygoprodeck.com/images/cards/30450531.jpg
Robbin' Zombie,Rare,0.25,INVASION OF CHAOS,https://images.ygoprodeck.com/images/cards/83258273.jpg
Root Water,Common,0.14,LEGEND OF BLUE EYES WHITE DRAGON,https://images.ygoprodeck.com/images/cards/39004808.jpg
Rope of Life,Ultra Rare,1.34,PHARAONIC GUARDIAN,https://images.ygoprodeck.com/images/cards/93382620.jpg
Royal Keeper,Common,0.26,PHARAONIC GUARDIAN,https://images.ygoprodeck.com/images/cards/16509093.jpg
Royal Tribute,Common,1.08,PHARAONIC GUARDIAN,https://images.ygoprodeck.com/images/cards/72405967.jpg
Ryu Kokki,Common,0.33,INVASION OF CHAOS,https://images.ygoprodeck.com/images/cards/57281778.jpg
Sacred Crane,Common,0.28,INVASION OF CHAOS,https://images.ygoprodeck.com/images/cards/30914564.jpg
Salvage,Common,0.33,INVASION OF CHAOS,https://images.ygoprodeck.com/images/cards/96947648.jpg
Sand Stone,Common,0.17,LEGEND OF BLUE EYES WHITE DRAGON,https://images.ygoprodeck.com/images/cards/73051941.jpg
Sasuke Samurai,Super Rare,1.17,PHARAONIC GUARDIAN,https://images.ygoprodeck.com/images/cards/16222645.jpg
Sasuke Samurai #3,Rare,0.27,INVASION OF CHAOS,https://images.ygoprodeck.com/images/cards/77379481.jpg
Sea Serpent Warrior of Darkness,Common,0.2,INVASION OF CHAOS,https://images.ygoprodeck.com/images/cards/42071342.jpg
Secret Pass to the Treasures,Common,0.15,PHARAONIC GUARDIAN,https://images.ygoprodeck.com/images/cards/77876207.jpg
Self-Destruct Button,Common,0.29,INVASION OF CHAOS,https://images.ygoprodeck.com/images/cards/57585212.jpg
Servant of Catabolism,Common,0.14,PHARAONIC GUARDIAN,https://images.ygoprodeck.com/images/cards/2792265.jpg
Shapesnatch,Common,0.2,PHARAONIC GUARDIAN,https://images.ygoprodeck.com/images/cards/4035199.jpg
Silpheed,Common,0.2,INVASION OF CHAOS,https://images.ygoprodeck.com/images/cards/73001017.jpg
Silver Bow and Arrow,Common,0.36,LEGEND OF BLUE EYES WHITE DRAGON,https://images.ygoprodeck.com/images/cards/1557499.jpg
Silver Fang,Common,0.28,LEGEND OF BLUE EYES WHITE DRAGON,https://images.ygoprodeck.com/images/cards/90357090.jpg
Skull Red Bird,Common,0.18,LEGEND OF BLUE EYES WHITE DRAGON,https://images.ygoprodeck.com/images/cards/10202894.jpg
Skull Servant,Common,0.94,LEGEND OF BLUE EYES WHITE DRAGON,https://images.ygoprodeck.com/images/cards/32274490.jpg
Skull-Mark Ladybug,Common,0.33,INVASION OF CHAOS,https://images.ygoprodeck.com/images/cards/64306248.jpg
Smashing Ground,Common,0.93,INVASION OF CHAOS,https://images.ygoprodeck.com/images/cards/97169186.jpg
